pIC50,L1_MolWt,L1_MolLogP,L1_NumHDonors,L1_NumHAcceptors,L1_TPSA,L1_NumRotatableBonds,L1_NumAromaticRings,L1_NumAliphaticRings,L1_FractionCSP3,L1_HeavyAtomCount,L2_MolWt,L2_MolLogP,L2_NumHDonors,L2_NumHAcceptors,L2_TPSA,L2_NumRotatableBonds,L2_NumAromaticRings,L2_NumAliphaticRings,L2_FractionCSP3,L2_HeavyAtomCount,L3_MolWt,L3_MolLogP,L3_NumHDonors,L3_NumHAcceptors,L3_TPSA,L3_NumRotatableBonds,L3_NumAromaticRings,L3_NumAliphaticRings,L3_FractionCSP3,L3_HeavyAtomCount,predicted_pIC50
5.9,0.8845095950522307,0.0253015592821402,0,2.7267501402261547,0.7192288680177957,2.192385602159835,-0.2643274401820349,0.0,13.00000000000002,1.149481140617637,1.7869866499628075,-0.0017,0,1.0973313495599912,17.82,-0.2790755001355615,1.7696829165862955,0,0.25,0.6190202041481982,62.98799999999999,-5.1778,0,4.701111649440189,92.24,-0.1714985851425088,-0.1714985851425088,0,0.0,2.1127299517192597,5.9
4.98,-0.5476413819419064,-0.0126507796410714,0,-1.1422872209055512,-0.6495304003954522,-0.4612223312901093,-0.2643274401820349,0.0,0.0,-0.6060900559620275,5.9398269584622,1.2956999999999996,1,1.9058912913410373,54.370000000000005,-0.2790755001355615,1.7696829165862955,1,0.0909090909090909,2.2856130614702703,26.551,-0.7695000000000001,1,2.1890672566095537,63.370000000000005,-0.1714985851425088,-0.1714985851425088,0,0.0,1.5127660709064878,4.98
5.09,-0.5476413819419064,-0.0126507796410714,0,-1.1422872209055512,-0.6495304003954522,-0.4612223312901093,-0.2643274401820349,0.0,0.0,-0.6060900559620275,8.526014955173629,2.449400000000001,1,2.714451233122084,70.67,0.9812654682185872,6.004821520382559,0,0.0,3.327233597296565,26.551,-0.7695000000000001,1,2.1890672566095537,63.370000000000005,-0.1714985851425088,-0.1714985851425088,0,0.0,1.5127660709064878,5.09
5.26,-0.5476413819419064,-0.0126507796410714,0,-1.1422872209055512,-0.6495304003954522,-0.4612223312901093,-0.2643274401820349,0.0,0.0,-0.6060900559620275,12.99471479465999,3.430800000000003,1,4.331571116684176,96.22,8.543311278343479,3.887252218484427,0,0.0952380952380952,4.993826454618637,26.551,-0.7695000000000001,1,2.1890672566095537,63.370000000000005,-0.1714985851425088,-0.1714985851425088,0,0.0,1.5127660709064878,5.26
4.94,-0.324625975801708,0.4410414827890536,0,-1.1422872209055512,-0.6495304003954522,-0.4612223312901093,-0.2643274401820349,0.0,4.727272727272729,-0.3134948565320834,7.587284187448616,2.614700000000001,1,1.0973313495599912,46.53,3.501947404926885,3.887252218484427,0,0.2142857142857142,2.9105853829660475,0.0,0.0,0,-0.3229771362210816,0.0,-0.1714985851425088,-0.1714985851425088,0,0.0,-0.2871255715318263,5.55
4.51,-0.7072515382291696,-0.6113562812591941,0,0.147391899471684,0.0,-0.4612223312901093,-0.2643274401820349,0.0,0.0,-0.8986852553919716,7.587284187448616,2.614700000000001,1,1.0973313495599912,46.53,3.501947404926885,3.887252218484427,0,0.2142857142857142,2.9105853829660475,0.0,0.0,0,-0.3229771362210816,0.0,-0.1714985851425088,-0.1714985851425088,0,0.0,-0.2871255715318263,4.51
5.15,-1.7575242062419536,-2.464842600764928,0,-1.1422872209055512,-0.6495304003954522,-1.3457583091067575,-2.577192541774849,0.0,0.0,-2.361661252541692,8.0575108640332,2.8122000000000016,1,1.9058912913410373,54.370000000000005,2.241606436572736,1.7696829165862955,1,0.2,3.1189094901313066,-18.446000000000005,-1.2465,0,-0.3229771362210816,31.5,-0.1714985851425088,-0.1714985851425088,0,0.0,-0.2871255715318263,4.6
4.71,-1.7575242062419536,-2.464842600764928,0,-1.1422872209055512,-0.6495304003954522,-1.3457583091067575,-2.577192541774849,0.0,0.0,-2.361661252541692,8.0575108640332,2.8122000000000016,1,1.9058912913410373,54.370000000000005,2.241606436572736,1.7696829165862955,1,0.2,3.1189094901313066,-18.446000000000005,-1.2465,0,-0.3229771362210816,31.5,-0.1714985851425088,-0.1714985851425088,0,0.0,-0.2871255715318263,4.6
4.41,-1.7575242062419536,-2.464842600764928,0,-1.1422872209055512,-0.6495304003954522,-1.3457583091067575,-2.577192541774849,0.0,0.0,-2.361661252541692,8.0575108640332,2.8122000000000016,1,1.9058912913410373,54.370000000000005,2.241606436572736,1.7696829165862955,1,0.2,3.1189094901313066,-18.446000000000005,-1.2465,0,-0.3229771362210816,31.5,-0.1714985851425088,-0.1714985851425088,0,0.0,-0.2871255715318263,4.6
4.37,-1.7575242062419536,-2.464842600764928,0,-1.1422872209055512,-0.6495304003954522,-1.3457583091067575,-2.577192541774849,0.0,0.0,-2.361661252541692,8.0575108640332,2.8122000000000016,1,1.9058912913410373,54.370000000000005,2.241606436572736,1.7696829165862955,1,0.2,3.1189094901313066,-18.446000000000005,-1.2465,0,-0.3229771362210816,31.5,-0.1714985851425088,-0.1714985851425088,0,0.0,-0.2871255715318263,4.6
4.36,-1.7575242062419536,-2.464842600764928,0,-1.1422872209055512,-0.6495304003954522,-1.3457583091067575,-2.577192541774849,0.0,0.0,-2.361661252541692,8.0575108640332,2.8122000000000016,1,1.9058912913410373,54.370000000000005,2.241606436572736,1.7696829165862955,1,0.2,3.1189094901313066,-18.446000000000005,-1.2465,0,-0.3229771362210816,31.5,-0.1714985851425088,-0.1714985851425088,0,0.0,-0.2871255715318263,4.6
4.43,-1.7575242062419536,-2.464842600764928,0,-1.1422872209055512,-0.6495304003954522,-1.3457583091067575,-2.577192541774849,0.0,0.0,-2.361661252541692,0.0,0.0,0,-0.5197885340021011,0.0,-0.2790755001355615,-0.3478863853118359,0,0.0,-0.4226003316780968,0.0,0.0,0,-0.3229771362210816,0.0,-0.1714985851425088,-0.1714985851425088,0,0.0,-0.2871255715318263,6.46
4.39,-0.5319331605640982,-0.902618417181524,0,0.147391899471684,-0.0123578843302026,-0.4612223312901093,-0.2643274401820349,0.0,0.0,-0.6060900559620275,0.0,0.0,0,-0.5197885340021011,0.0,-0.2790755001355615,-0.3478863853118359,0,0.0,-0.4226003316780968,0.0,0.0,0,-0.3229771362210816,0.0,-0.1714985851425088,-0.1714985851425088,0,0.0,-0.2871255715318263,5.85
5.27,-0.0702577229438604,0.0,0,0.147391899471684,-0.1932773109243695,0.4233136465265388,-0.2643274401820349,0.0,4.727272727272729,-0.0208996571021393,0.0,0.0,0,-0.5197885340021011,0.0,-0.2790755001355615,-0.3478863853118359,0,0.0,-0.4226003316780968,0.0,0.0,0,-0.3229771362210816,0.0,-0.1714985851425088,-0.1714985851425088,0,0.0,-0.2871255715318263,5.7
5.57,-0.0702577229438604,0.0,0,0.147391899471684,-0.1932773109243695,0.4233136465265388,-0.2643274401820349,0.0,4.727272727272729,-0.0208996571021393,0.0,0.0,0,-0.5197885340021011,0.0,-0.2790755001355615,-0.3478863853118359,0,0.0,-0.4226003316780968,0.0,0.0,0,-0.3229771362210816,0.0,-0.1714985851425088,-0.1714985851425088,0,0.0,-0.2871255715318263,5.7
5.27,-0.0702577229438604,0.0,0,0.147391899471684,-0.1932773109243695,0.4233136465265388,-0.2643274401820349,0.0,4.727272727272729,-0.0208996571021393,0.0,0.0,0,-0.5197885340021011,0.0,-0.2790755001355615,-0.3478863853118359,0,0.0,-0.4226003316780968,0.0,0.0,0,-0.3229771362210816,0.0,-0.1714985851425088,-0.1714985851425088,0,0.0,-0.2871255715318263,5.7
5.05,-0.0702577229438604,0.0,0,0.147391899471684,-0.1932773109243695,0.4233136465265388,-0.2643274401820349,0.0,4.727272727272729,-0.0208996571021393,0.0,0.0,0,-0.5197885340021011,0.0,-0.2790755001355615,-0.3478863853118359,0,0.0,-0.4226003316780968,0.0,0.0,0,-0.3229771362210816,0.0,-0.1714985851425088,-0.1714985851425088,0,0.0,-0.2871255715318263,5.7
5.38,-0.0702577229438604,0.0,0,0.147391899471684,-0.1932773109243695,0.4233136465265388,-0.2643274401820349,0.0,4.727272727272729,-0.0208996571021393,0.0,0.0,0,-0.5197885340021011,0.0,-0.2790755001355615,-0.3478863853118359,0,0.0,-0.4226003316780968,0.0,0.0,0,-0.3229771362210816,0.0,-0.1714985851425088,-0.1714985851425088,0,0.0,-0.2871255715318263,5.7
5.08,-0.0702577229438604,0.0,0,0.147391899471684,-0.1932773109243695,0.4233136465265388,-0.2643274401820349,0.0,4.727272727272729,-0.0208996571021393,0.0,0.0,0,-0.5197885340021011,0.0,-0.2790755001355615,-0.3478863853118359,0,0.0,-0.4226003316780968,0.0,0.0,0,-0.3229771362210816,0.0,-0.1714985851425088,-0.1714985851425088,0,0.0,-0.2871255715318263,5.7
5.52,0.4071259360541847,0.0126507796410714,0,1.4370710198489194,0.2629757785467131,1.307849624343187,-0.2643274401820349,0.0,9.043478260869575,0.5642907417577488,0.0,0.0,0,-0.5197885340021011,0.0,-0.2790755001355615,-0.3478863853118359,0,0.0,-0.4226003316780968,0.0,0.0,0,-0.3229771362210816,0.0,-0.1714985851425088,-0.1714985851425088,0,0.0,-0.2871255715318263,5.37
5.41,0.4071259360541847,0.0126507796410714,0,1.4370710198489194,0.2629757785467131,1.307849624343187,-0.2643274401820349,0.0,9.043478260869575,0.5642907417577488,0.0,0.0,0,-0.5197885340021011,0.0,-0.2790755001355615,-0.3478863853118359,0,0.0,-0.4226003316780968,0.0,0.0,0,-0.3229771362210816,0.0,-0.1714985851425088,-0.1714985851425088,0,0.0,-0.2871255715318263,5.37
5.21,0.4071259360541847,0.0126507796410714,0,1.4370710198489194,0.2629757785467131,1.307849624343187,-0.2643274401820349,0.0,9.043478260869575,0.5642907417577488,0.0,0.0,0,-0.5197885340021011,0.0,-0.2790755001355615,-0.3478863853118359,0,0.0,-0.4226003316780968,0.0,0.0,0,-0.3229771362210816,0.0,-0.1714985851425088,-0.1714985851425088,0,0.0,-0.2871255715318263,5.37
6.36,-0.5476413819419064,-0.0126507796410714,0,-1.1422872209055512,-0.6495304003954522,-0.4612223312901093,-0.2643274401820349,0.0,0.0,-0.6060900559620275,3.9799945190463135,0.6685999999999999,1,1.0973313495599912,57.53,0.9812654682185872,1.7696829165862955,0,0.0,1.4523166328092345,101.661,0.6685999999999999,2,2.1890672566095537,57.53,5.830951894845301,5.830951894845301,0,0.0,5.112549355783116,6.15
6.27,-0.5476413819419064,-0.0126507796410714,0,-1.1422872209055512,-0.6495304003954522,-0.4612223312901093,-0.2643274401820349,0.0,0.0,-0.6060900559620275,3.9799945190463135,0.6685999999999999,1,1.0973313495599912,57.53,0.9812654682185872,1.7696829165862955,0,0.0,1.4523166328092345,101.661,0.6685999999999999,2,2.1890672566095537,57.53,5.830951894845301,5.830951894845301,0,0.0,5.112549355783116,6.15
5.83,-0.5476413819419064,-0.0126507796410714,0,-1.1422872209055512,-0.6495304003954522,-0.4612223312901093,-0.2643274401820349,0.0,0.0,-0.6060900559620275,3.9799945190463135,0.6685999999999999,1,1.0973313495599912,57.53,0.9812654682185872,1.7696829165862955,0,0.0,1.4523166328092345,101.661,0.6685999999999999,2,2.1890672566095537,57.53,5.830951894845301,5.830951894845301,0,0.0,5.112549355783116,6.15
6.13,-0.5476413819419064,-0.0126507796410714,0,-1.1422872209055512,-0.6495304003954522,-0.4612223312901093,-0.2643274401820349,0.0,0.0,-0.6060900559620275,3.9799945190463135,0.6685999999999999,1,1.0973313495599912,57.53,0.9812654682185872,1.7696829165862955,0,0.0,1.4523166328092345,101.661,0.6685999999999999,2,2.1890672566095537,57.53,5.830951894845301,5.830951894845301,0,0.0,5.112549355783116,6.15
4.64,0.7256466922110754,1.5542806707855212,0,0.147391899471684,-0.1932773109243695,1.307849624343187,2.048537661410779,0.0,4.0,1.149481140617637,1.0,-0.6609,0,1.9058912913410373,66.19999999999999,-0.2790755001355615,-0.3478863853118359,0,0.0,0.2023719898176802,-18.446000000000005,-1.2465,0,-0.3229771362210816,31.5,-0.1714985851425088,-0.1714985851425088,0,0.0,-0.2871255715318263,4.8
5.05,0.7256466922110754,1.5542806707855212,0,0.147391899471684,-0.1932773109243695,1.307849624343187,2.048537661410779,0.0,4.0,1.149481140617637,1.0,-0.6609,0,1.9058912913410373,66.19999999999999,-0.2790755001355615,-0.3478863853118359,0,0.0,0.2023719898176802,-18.446000000000005,-1.2465,0,-0.3229771362210816,31.5,-0.1714985851425088,-0.1714985851425088,0,0.0,-0.2871255715318263,4.8
5.3,0.7256466922110754,1.5542806707855212,0,0.147391899471684,-0.1932773109243695,1.307849624343187,2.048537661410779,0.0,4.0,1.149481140617637,1.0,-0.6609,0,1.9058912913410373,66.19999999999999,-0.2790755001355615,-0.3478863853118359,0,0.0,0.2023719898176802,-18.446000000000005,-1.2465,0,-0.3229771362210816,31.5,-0.1714985851425088,-0.1714985851425088,0,0.0,-0.2871255715318263,4.8
4.54,0.7256466922110754,1.5542806707855212,0,0.147391899471684,-0.1932773109243695,1.307849624343187,2.048537661410779,0.0,4.0,1.149481140617637,1.0,-0.6609,0,1.9058912913410373,66.19999999999999,-0.2790755001355615,-0.3478863853118359,0,0.0,0.2023719898176802,-18.446000000000005,-1.2465,0,-0.3229771362210816,31.5,-0.1714985851425088,-0.1714985851425088,0,0.0,-0.2871255715318263,4.8
4.68,0.7256466922110754,1.5542806707855212,0,0.147391899471684,-0.1932773109243695,1.307849624343187,2.048537661410779,0.0,4.0,1.149481140617637,1.0,-0.6609,0,1.9058912913410373,66.19999999999999,-0.2790755001355615,-0.3478863853118359,0,0.0,0.2023719898176802,-18.446000000000005,-1.2465,0,-0.3229771362210816,31.5,-0.1714985851425088,-0.1714985851425088,0,0.0,-0.2871255715318263,4.8
4.92,0.7256466922110754,1.5542806707855212,0,0.147391899471684,-0.1932773109243695,1.307849624343187,2.048537661410779,0.0,4.0,1.149481140617637,1.0,-0.6609,0,1.9058912913410373,66.19999999999999,-0.2790755001355615,-0.3478863853118359,0,0.0,0.2023719898176802,-18.446000000000005,-1.2465,0,-0.3229771362210816,31.5,-0.1714985851425088,-0.1714985851425088,0,0.0,-0.2871255715318263,4.8
4.17,0.5661001319617793,-0.3240659017358062,1,1.4370710198489194,1.2244191794364807,1.307849624343187,2.048537661410779,0.0,4.5217391304347885,0.856885941187693,1.0,-0.6609,0,1.9058912913410373,66.19999999999999,-0.2790755001355615,-0.3478863853118359,0,0.0,0.2023719898176802,-18.446000000000005,-1.2465,0,-0.3229771362210816,31.5,-0.1714985851425088,-0.1714985851425088,0,0.0,-0.2871255715318263,4.26
4.25,0.5661001319617793,-0.3240659017358062,1,1.4370710198489194,1.2244191794364807,1.307849624343187,2.048537661410779,0.0,4.5217391304347885,0.856885941187693,1.0,-0.6609,0,1.9058912913410373,66.19999999999999,-0.2790755001355615,-0.3478863853118359,0,0.0,0.2023719898176802,-18.446000000000005,-1.2465,0,-0.3229771362210816,31.5,-0.1714985851425088,-0.1714985851425088,0,0.0,-0.2871255715318263,4.26
4.41,0.5661001319617793,-0.3240659017358062,1,1.4370710198489194,1.2244191794364807,1.307849624343187,2.048537661410779,0.0,4.5217391304347885,0.856885941187693,1.0,-0.6609,0,1.9058912913410373,66.19999999999999,-0.2790755001355615,-0.3478863853118359,0,0.0,0.2023719898176802,-18.446000000000005,-1.2465,0,-0.3229771362210816,31.5,-0.1714985851425088,-0.1714985851425088,0,0.0,-0.2871255715318263,4.26
4.2,0.5661001319617793,-0.3240659017358062,1,1.4370710198489194,1.2244191794364807,1.307849624343187,2.048537661410779,0.0,4.5217391304347885,0.856885941187693,1.0,-0.6609,0,1.9058912913410373,66.19999999999999,-0.2790755001355615,-0.3478863853118359,0,0.0,0.2023719898176802,-18.446000000000005,-1.2465,0,-0.3229771362210816,31.5,-0.1714985851425088,-0.1714985851425088,0,0.0,-0.2871255715318263,4.26
4.44,0.5661001319617793,-0.3240659017358062,1,1.4370710198489194,1.2244191794364807,1.307849624343187,2.048537661410779,0.0,4.5217391304347885,0.856885941187693,1.0,-0.6609,0,1.9058912913410373,66.19999999999999,-0.2790755001355615,-0.3478863853118359,0,0.0,0.2023719898176802,-18.446000000000005,-1.2465,0,-0.3229771362210816,31.5,-0.1714985851425088,-0.1714985851425088,0,0.0,-0.2871255715318263,4.26
4.15,0.5661001319617793,-0.3240659017358062,1,1.4370710198489194,1.2244191794364807,1.307849624343187,2.048537661410779,0.0,4.5217391304347885,0.856885941187693,1.0,-0.6609,0,1.9058912913410373,66.19999999999999,-0.2790755001355615,-0.3478863853118359,0,0.0,0.2023719898176802,-18.446000000000005,-1.2465,0,-0.3229771362210816,31.5,-0.1714985851425088,-0.1714985851425088,0,0.0,-0.2871255715318263,4.26
6.38,-0.5476413819419064,-0.0126507796410714,0,-1.1422872209055512,-0.6495304003954522,-0.4612223312901093,-0.2643274401820349,0.0,0.0,-0.6060900559620275,1.0,-0.6609,0,1.9058912913410373,66.19999999999999,-0.2790755001355615,-0.3478863853118359,0,0.0,0.2023719898176802,25.543,-0.6609,0,3.4450894530248712,66.19999999999999,-0.1714985851425088,-0.1714985851425088,0,0.0,1.5127660709064878,6.27
6.06,-0.5476413819419064,-0.0126507796410714,0,-1.1422872209055512,-0.6495304003954522,-0.4612223312901093,-0.2643274401820349,0.0,0.0,-0.6060900559620275,1.0,-0.6609,0,1.9058912913410373,66.19999999999999,-0.2790755001355615,-0.3478863853118359,0,0.0,0.2023719898176802,25.543,-0.6609,0,3.4450894530248712,66.19999999999999,-0.1714985851425088,-0.1714985851425088,0,0.0,1.5127660709064878,6.27
6.38,-0.5476413819419064,-0.0126507796410714,0,-1.1422872209055512,-0.6495304003954522,-0.4612223312901093,-0.2643274401820349,0.0,0.0,-0.6060900559620275,1.0,-0.6609,0,1.9058912913410373,66.19999999999999,-0.2790755001355615,-0.3478863853118359,0,0.0,0.2023719898176802,25.543,-0.6609,0,3.4450894530248712,66.19999999999999,-0.1714985851425088,-0.1714985851425088,0,0.0,1.5127660709064878,6.27
6.38,-0.5476413819419064,-0.0126507796410714,0,-1.1422872209055512,-0.6495304003954522,-0.4612223312901093,-0.2643274401820349,0.0,0.0,-0.6060900559620275,3.353638961750771,0.963,1,0.288771407778945,37.3,0.9812654682185872,1.7696829165862955,0,0.0,1.2439925256439752,25.543,-0.6609,0,3.4450894530248712,66.19999999999999,-0.1714985851425088,-0.1714985851425088,0,0.0,1.5127660709064878,6.4
6.32,-0.5476413819419064,-0.0126507796410714,0,-1.1422872209055512,-0.6495304003954522,-0.4612223312901093,-0.2643274401820349,0.0,0.0,-0.6060900559620275,3.353638961750771,0.963,1,0.288771407778945,37.3,0.9812654682185872,1.7696829165862955,0,0.0,1.2439925256439752,25.543,-0.6609,0,3.4450894530248712,66.19999999999999,-0.1714985851425088,-0.1714985851425088,0,0.0,1.5127660709064878,6.4
6.43,-0.5476413819419064,-0.0126507796410714,0,-1.1422872209055512,-0.6495304003954522,-0.4612223312901093,-0.2643274401820349,0.0,0.0,-0.6060900559620275,3.353638961750771,0.963,1,0.288771407778945,37.3,0.9812654682185872,1.7696829165862955,0,0.0,1.2439925256439752,25.543,-0.6609,0,3.4450894530248712,66.19999999999999,-0.1714985851425088,-0.1714985851425088,0,0.0,1.5127660709064878,6.4
6.07,-0.5476413819419064,-0.0126507796410714,0,-1.1422872209055512,-0.6495304003954522,-0.4612223312901093,-0.2643274401820349,0.0,0.0,-0.6060900559620275,0.0,0.0,0,-0.5197885340021011,0.0,-0.2790755001355615,-0.3478863853118359,0,0.0,-0.4226003316780968,0.0,0.0,0,-0.3229771362210816,0.0,-0.1714985851425088,-0.1714985851425088,0,0.0,-0.2871255715318263,6.05
6.18,-0.5476413819419064,-0.0126507796410714,0,-1.1422872209055512,-0.6495304003954522,-0.4612223312901093,-0.2643274401820349,0.0,0.0,-0.6060900559620275,0.0,0.0,0,-0.5197885340021011,0.0,-0.2790755001355615,-0.3478863853118359,0,0.0,-0.4226003316780968,0.0,0.0,0,-0.3229771362210816,0.0,-0.1714985851425088,-0.1714985851425088,0,0.0,-0.2871255715318263,6.05
6.55,-0.5476413819419064,-0.0126507796410714,0,-1.1422872209055512,-0.6495304003954522,-0.4612223312901093,-0.2643274401820349,0.0,0.0,-0.6060900559620275,0.0,0.0,0,-0.5197885340021011,0.0,-0.2790755001355615,-0.3478863853118359,0,0.0,-0.4226003316780968,0.0,0.0,0,-0.3229771362210816,0.0,-0.1714985851425088,-0.1714985851425088,0,0.0,-0.2871255715318263,6.05
6.12,-0.5476413819419064,-0.0126507796410714,0,-1.1422872209055512,-0.6495304003954522,-0.4612223312901093,-0.2643274401820349,0.0,0.0,-0.6060900559620275,0.0,0.0,0,-0.5197885340021011,0.0,-0.2790755001355615,-0.3478863853118359,0,0.0,-0.4226003316780968,0.0,0.0,0,-0.3229771362210816,0.0,-0.1714985851425088,-0.1714985851425088,0,0.0,-0.2871255715318263,6.05
5.87,-0.5476413819419064,-0.0126507796410714,0,-1.1422872209055512,-0.6495304003954522,-0.4612223312901093,-0.2643274401820349,0.0,0.0,-0.6060900559620275,0.0,0.0,0,-0.5197885340021011,0.0,-0.2790755001355615,-0.3478863853118359,0,0.0,-0.4226003316780968,0.0,0.0,0,-0.3229771362210816,0.0,-0.1714985851425088,-0.1714985851425088,0,0.0,-0.2871255715318263,6.05
6.46,-0.1500071545542714,-0.2014121800529573,0,0.147391899471684,0.5264458724666335,-0.4612223312901093,-0.2643274401820349,0.0,0.0,-0.0208996571021393,0.0,0.0,0,-0.5197885340021011,0.0,-0.2790755001355615,-0.3478863853118359,0,0.0,-0.4226003316780968,0.0,0.0,0,-0.3229771362210816,0.0,-0.1714985851425088,-0.1714985851425088,0,0.0,-0.2871255715318263,6.05
5.82,-0.1500071545542714,-0.2014121800529573,0,0.147391899471684,0.5264458724666335,-0.4612223312901093,-0.2643274401820349,0.0,0.0,-0.0208996571021393,0.0,0.0,0,-0.5197885340021011,0.0,-0.2790755001355615,-0.3478863853118359,0,0.0,-0.4226003316780968,0.0,0.0,0,-0.3229771362210816,0.0,-0.1714985851425088,-0.1714985851425088,0,0.0,-0.2871255715318263,6.05
6.11,-0.1500071545542714,-0.2014121800529573,0,0.147391899471684,0.5264458724666335,-0.4612223312901093,-0.2643274401820349,0.0,0.0,-0.0208996571021393,0.0,0.0,0,-0.5197885340021011,0.0,-0.2790755001355615,-0.3478863853118359,0,0.0,-0.4226003316780968,0.0,0.0,0,-0.3229771362210816,0.0,-0.1714985851425088,-0.1714985851425088,0,0.0,-0.2871255715318263,6.05
5.98,-0.1500071545542714,-0.2014121800529573,0,0.147391899471684,0.5264458724666335,-0.4612223312901093,-0.2643274401820349,0.0,0.0,-0.0208996571021393,0.0,0.0,0,-0.5197885340021011,0.0,-0.2790755001355615,-0.3478863853118359,0,0.0,-0.4226003316780968,0.0,0.0,0,-0.3229771362210816,0.0,-0.1714985851425088,-0.1714985851425088,0,0.0,-0.2871255715318263,6.05
5.87,-0.1500071545542714,-0.2014121800529573,0,0.147391899471684,0.5264458724666335,-0.4612223312901093,-0.2643274401820349,0.0,0.0,-0.0208996571021393,0.0,0.0,0,-0.5197885340021011,0.0,-0.2790755001355615,-0.3478863853118359,0,0.0,-0.4226003316780968,0.0,0.0,0,-0.3229771362210816,0.0,-0.1714985851425088,-0.1714985851425088,0,0.0,-0.2871255715318263,6.05
6.75,-0.2932731290840588,-0.4457193292144747,1,0.147391899471684,0.3504695996045478,-0.4612223312901093,-0.2643274401820349,0.0,0.0,-0.3134948565320834,0.0,0.0,0,-0.5197885340021011,0.0,-0.2790755001355615,-0.3478863853118359,0,0.0,-0.4226003316780968,0.0,0.0,0,-0.3229771362210816,0.0,-0.1714985851425088,-0.1714985851425088,0,0.0,-0.2871255715318263,6.2
5.72,-0.2932731290840588,-0.4457193292144747,1,0.147391899471684,0.3504695996045478,-0.4612223312901093,-0.2643274401820349,0.0,0.0,-0.3134948565320834,0.0,0.0,0,-0.5197885340021011,0.0,-0.2790755001355615,-0.3478863853118359,0,0.0,-0.4226003316780968,0.0,0.0,0,-0.3229771362210816,0.0,-0.1714985851425088,-0.1714985851425088,0,0.0,-0.2871255715318263,6.2
6.45,-0.2932731290840588,-0.4457193292144747,1,0.147391899471684,0.3504695996045478,-0.4612223312901093,-0.2643274401820349,0.0,0.0,-0.3134948565320834,0.0,0.0,0,-0.5197885340021011,0.0,-0.2790755001355615,-0.3478863853118359,0,0.0,-0.4226003316780968,0.0,0.0,0,-0.3229771362210816,0.0,-0.1714985851425088,-0.1714985851425088,0,0.0,-0.2871255715318263,6.2
6.1,-0.2932731290840588,-0.4457193292144747,1,0.147391899471684,0.3504695996045478,-0.4612223312901093,-0.2643274401820349,0.0,0.0,-0.3134948565320834,0.0,0.0,0,-0.5197885340021011,0.0,-0.2790755001355615,-0.3478863853118359,0,0.0,-0.4226003316780968,0.0,0.0,0,-0.3229771362210816,0.0,-0.1714985851425088,-0.1714985851425088,0,0.0,-0.2871255715318263,6.2
6.0,-0.2932731290840588,-0.4457193292144747,1,0.147391899471684,0.3504695996045478,-0.4612223312901093,-0.2643274401820349,0.0,0.0,-0.3134948565320834,0.0,0.0,0,-0.5197885340021011,0.0,-0.2790755001355615,-0.3478863853118359,0,0.0,-0.4226003316780968,0.0,0.0,0,-0.3229771362210816,0.0,-0.1714985851425088,-0.1714985851425088,0,0.0,-0.2871255715318263,6.2
6.57,-0.2932731290840588,-0.4457193292144735,1,0.147391899471684,0.3504695996045478,-0.4612223312901093,-0.2643274401820349,0.0,0.0,-0.3134948565320834,0.0,0.0,0,-0.5197885340021011,0.0,-0.2790755001355615,-0.3478863853118359,0,0.0,-0.4226003316780968,0.0,0.0,0,-0.3229771362210816,0.0,-0.1714985851425088,-0.1714985851425088,0,0.0,-0.2871255715318263,6.2
5.75,-0.2932731290840588,-0.4457193292144735,1,0.147391899471684,0.3504695996045478,-0.4612223312901093,-0.2643274401820349,0.0,0.0,-0.3134948565320834,0.0,0.0,0,-0.5197885340021011,0.0,-0.2790755001355615,-0.3478863853118359,0,0.0,-0.4226003316780968,0.0,0.0,0,-0.3229771362210816,0.0,-0.1714985851425088,-0.1714985851425088,0,0.0,-0.2871255715318263,6.2
6.36,-0.2932731290840588,-0.4457193292144735,1,0.147391899471684,0.3504695996045478,-0.4612223312901093,-0.2643274401820349,0.0,0.0,-0.3134948565320834,0.0,0.0,0,-0.5197885340021011,0.0,-0.2790755001355615,-0.3478863853118359,0,0.0,-0.4226003316780968,0.0,0.0,0,-0.3229771362210816,0.0,-0.1714985851425088,-0.1714985851425088,0,0.0,-0.2871255715318263,6.2
6.36,-0.2932731290840588,-0.4457193292144735,1,0.147391899471684,0.3504695996045478,-0.4612223312901093,-0.2643274401820349,0.0,0.0,-0.3134948565320834,0.0,0.0,0,-0.5197885340021011,0.0,-0.2790755001355615,-0.3478863853118359,0,0.0,-0.4226003316780968,0.0,0.0,0,-0.3229771362210816,0.0,-0.1714985851425088,-0.1714985851425088,0,0.0,-0.2871255715318263,6.2
6.45,-0.2932731290840588,-0.4457193292144735,1,0.147391899471684,0.3504695996045478,-0.4612223312901093,-0.2643274401820349,0.0,0.0,-0.3134948565320834,0.0,0.0,0,-0.5197885340021011,0.0,-0.2790755001355615,-0.3478863853118359,0,0.0,-0.4226003316780968,0.0,0.0,0,-0.3229771362210816,0.0,-0.1714985851425088,-0.1714985851425088,0,0.0,-0.2871255715318263,6.2
6.64,-0.2932731290840588,-0.4457193292144735,1,0.147391899471684,0.3504695996045478,-0.4612223312901093,-0.2643274401820349,0.0,0.0,-0.3134948565320834,0.0,0.0,0,-0.5197885340021011,0.0,-0.2790755001355615,-0.3478863853118359,0,0.0,-0.4226003316780968,0.0,0.0,0,-0.3229771362210816,0.0,-0.1714985851425088,-0.1714985851425088,0,0.0,-0.2871255715318263,6.2
5.9,-0.2932731290840588,-0.4457193292144735,1,0.147391899471684,0.3504695996045478,-0.4612223312901093,-0.2643274401820349,0.0,0.0,-0.3134948565320834,0.0,0.0,0,-0.5197885340021011,0.0,-0.2790755001355615,-0.3478863853118359,0,0.0,-0.4226003316780968,0.0,0.0,0,-0.3229771362210816,0.0,-0.1714985851425088,-0.1714985851425088,0,0.0,-0.2871255715318263,6.2
6.23,-0.2932731290840588,-0.4457193292144735,1,0.147391899471684,0.3504695996045478,-0.4612223312901093,-0.2643274401820349,0.0,0.0,-0.3134948565320834,0.0,0.0,0,-0.5197885340021011,0.0,-0.2790755001355615,-0.3478863853118359,0,0.0,-0.4226003316780968,0.0,0.0,0,-0.3229771362210816,0.0,-0.1714985851425088,-0.1714985851425088,0,0.0,-0.2871255715318263,6.2
5.97,-0.2932731290840588,-0.4457193292144735,1,0.147391899471684,0.3504695996045478,-0.4612223312901093,-0.2643274401820349,0.0,0.0,-0.3134948565320834,0.0,0.0,0,-0.5197885340021011,0.0,-0.2790755001355615,-0.3478863853118359,0,0.0,-0.4226003316780968,0.0,0.0,0,-0.3229771362210816,0.0,-0.1714985851425088,-0.1714985851425088,0,0.0,-0.2871255715318263,6.2
6.43,-0.2932731290840588,-0.4457193292144735,1,0.147391899471684,0.3504695996045478,-0.4612223312901093,-0.2643274401820349,0.0,0.0,-0.3134948565320834,0.0,0.0,0,-0.5197885340021011,0.0,-0.2790755001355615,-0.3478863853118359,0,0.0,-0.4226003316780968,0.0,0.0,0,-0.3229771362210816,0.0,-0.1714985851425088,-0.1714985851425088,0,0.0,-0.2871255715318263,6.2
6.26,-0.0702577229438604,0.0,0,0.147391899471684,-0.1932773109243695,0.4233136465265388,-0.2643274401820349,0.0,4.727272727272729,-0.0208996571021393,0.0,0.0,0,-0.5197885340021011,0.0,-0.2790755001355615,-0.3478863853118359,0,0.0,-0.4226003316780968,0.0,0.0,0,-0.3229771362210816,0.0,-0.1714985851425088,-0.1714985851425088,0,0.0,-0.2871255715318263,5.7
6.29,-0.0702577229438604,0.0,0,0.147391899471684,-0.1932773109243695,0.4233136465265388,-0.2643274401820349,0.0,4.727272727272729,-0.0208996571021393,0.0,0.0,0,-0.5197885340021011,0.0,-0.2790755001355615,-0.3478863853118359,0,0.0,-0.4226003316780968,0.0,0.0,0,-0.3229771362210816,0.0,-0.1714985851425088,-0.1714985851425088,0,0.0,-0.2871255715318263,5.7
6.59,-0.0702577229438604,0.0,0,0.147391899471684,-0.1932773109243695,0.4233136465265388,-0.2643274401820349,0.0,4.727272727272729,-0.0208996571021393,0.0,0.0,0,-0.5197885340021011,0.0,-0.2790755001355615,-0.3478863853118359,0,0.0,-0.4226003316780968,0.0,0.0,0,-0.3229771362210816,0.0,-0.1714985851425088,-0.1714985851425088,0,0.0,-0.2871255715318263,5.7
6.25,-0.0702577229438604,0.0,0,0.147391899471684,-0.1932773109243695,0.4233136465265388,-0.2643274401820349,0.0,4.727272727272729,-0.0208996571021393,0.0,0.0,0,-0.5197885340021011,0.0,-0.2790755001355615,-0.3478863853118359,0,0.0,-0.4226003316780968,0.0,0.0,0,-0.3229771362210816,0.0,-0.1714985851425088,-0.1714985851425088,0,0.0,-0.2871255715318263,5.7
6.24,-0.0702577229438604,0.0,0,0.147391899471684,-0.1932773109243695,0.4233136465265388,-0.2643274401820349,0.0,4.727272727272729,-0.0208996571021393,0.0,0.0,0,-0.5197885340021011,0.0,-0.2790755001355615,-0.3478863853118359,0,0.0,-0.4226003316780968,0.0,0.0,0,-0.3229771362210816,0.0,-0.1714985851425088,-0.1714985851425088,0,0.0,-0.2871255715318263,5.7
6.08,1.4539803170262493,0.8767284495439798,0,-1.1422872209055512,-0.6495304003954522,-0.4612223312901093,-0.2643274401820349,0.0,0.0,-0.3134948565320834,0.0,0.0,0,-0.5197885340021011,0.0,-0.2790755001355615,-0.3478863853118359,0,0.0,-0.4226003316780968,0.0,0.0,0,-0.3229771362210816,0.0,-0.1714985851425088,-0.1714985851425088,0,0.0,-0.2871255715318263,6.0
6.07,1.4539803170262493,0.8767284495439798,0,-1.1422872209055512,-0.6495304003954522,-0.4612223312901093,-0.2643274401820349,0.0,0.0,-0.3134948565320834,0.0,0.0,0,-0.5197885340021011,0.0,-0.2790755001355615,-0.3478863853118359,0,0.0,-0.4226003316780968,0.0,0.0,0,-0.3229771362210816,0.0,-0.1714985851425088,-0.1714985851425088,0,0.0,-0.2871255715318263,6.0
5.98,1.4539803170262493,0.8767284495439798,0,-1.1422872209055512,-0.6495304003954522,-0.4612223312901093,-0.2643274401820349,0.0,0.0,-0.3134948565320834,0.0,0.0,0,-0.5197885340021011,0.0,-0.2790755001355615,-0.3478863853118359,0,0.0,-0.4226003316780968,0.0,0.0,0,-0.3229771362210816,0.0,-0.1714985851425088,-0.1714985851425088,0,0.0,-0.2871255715318263,6.0
5.84,1.4539803170262493,0.8767284495439798,0,-1.1422872209055512,-0.6495304003954522,-0.4612223312901093,-0.2643274401820349,0.0,0.0,-0.3134948565320834,0.0,0.0,0,-0.5197885340021011,0.0,-0.2790755001355615,-0.3478863853118359,0,0.0,-0.4226003316780968,0.0,0.0,0,-0.3229771362210816,0.0,-0.1714985851425088,-0.1714985851425088,0,0.0,-0.2871255715318263,6.0
6.56,1.4539803170262493,0.8767284495439798,0,-1.1422872209055512,-0.6495304003954522,-0.4612223312901093,-0.2643274401820349,0.0,0.0,-0.3134948565320834,0.0,0.0,0,-0.5197885340021011,0.0,-0.2790755001355615,-0.3478863853118359,0,0.0,-0.4226003316780968,0.0,0.0,0,-0.3229771362210816,0.0,-0.1714985851425088,-0.1714985851425088,0,0.0,-0.2871255715318263,6.0
5.93,0.7067268709159412,1.1090026478375945,0,-1.1422872209055512,-0.6495304003954522,-0.4612223312901093,-0.2643274401820349,0.0,0.0,-0.3134948565320834,0.0,0.0,0,-0.5197885340021011,0.0,-0.2790755001355615,-0.3478863853118359,0,0.0,-0.4226003316780968,0.0,0.0,0,-0.3229771362210816,0.0,-0.1714985851425088,-0.1714985851425088,0,0.0,-0.2871255715318263,5.94
6.23,0.7067268709159412,1.1090026478375945,0,-1.1422872209055512,-0.6495304003954522,-0.4612223312901093,-0.2643274401820349,0.0,0.0,-0.3134948565320834,0.0,0.0,0,-0.5197885340021011,0.0,-0.2790755001355615,-0.3478863853118359,0,0.0,-0.4226003316780968,0.0,0.0,0,-0.3229771362210816,0.0,-0.1714985851425088,-0.1714985851425088,0,0.0,-0.2871255715318263,5.94
6.11,0.7067268709159412,1.1090026478375945,0,-1.1422872209055512,-0.6495304003954522,-0.4612223312901093,-0.2643274401820349,0.0,0.0,-0.3134948565320834,0.0,0.0,0,-0.5197885340021011,0.0,-0.2790755001355615,-0.3478863853118359,0,0.0,-0.4226003316780968,0.0,0.0,0,-0.3229771362210816,0.0,-0.1714985851425088,-0.1714985851425088,0,0.0,-0.2871255715318263,5.94
5.87,0.7067268709159412,1.1090026478375945,0,-1.1422872209055512,-0.6495304003954522,-0.4612223312901093,-0.2643274401820349,0.0,0.0,-0.3134948565320834,0.0,0.0,0,-0.5197885340021011,0.0,-0.2790755001355615,-0.3478863853118359,0,0.0,-0.4226003316780968,0.0,0.0,0,-0.3229771362210816,0.0,-0.1714985851425088,-0.1714985851425088,0,0.0,-0.2871255715318263,5.94
6.67,0.7067268709159412,1.1090026478375945,0,-1.1422872209055512,-0.6495304003954522,-0.4612223312901093,-0.2643274401820349,0.0,0.0,-0.3134948565320834,0.0,0.0,0,-0.5197885340021011,0.0,-0.2790755001355615,-0.3478863853118359,0,0.0,-0.4226003316780968,0.0,0.0,0,-0.3229771362210816,0.0,-0.1714985851425088,-0.1714985851425088,0,0.0,-0.2871255715318263,5.94
6.18,0.0,0.9485142689026144,0,-1.1422872209055512,-0.6495304003954522,-0.4612223312901093,-0.2643274401820349,0.0,0.0,-0.3134948565320834,0.0,0.0,0,-0.5197885340021011,0.0,-0.2790755001355615,-0.3478863853118359,0,0.0,-0.4226003316780968,0.0,0.0,0,-0.3229771362210816,0.0,-0.1714985851425088,-0.1714985851425088,0,0.0,-0.2871255715318263,6.07
6.21,0.0,0.9485142689026144,0,-1.1422872209055512,-0.6495304003954522,-0.4612223312901093,-0.2643274401820349,0.0,0.0,-0.3134948565320834,0.0,0.0,0,-0.5197885340021011,0.0,-0.2790755001355615,-0.3478863853118359,0,0.0,-0.4226003316780968,0.0,0.0,0,-0.3229771362210816,0.0,-0.1714985851425088,-0.1714985851425088,0,0.0,-0.2871255715318263,6.07
5.99,0.0,0.9485142689026144,0,-1.1422872209055512,-0.6495304003954522,-0.4612223312901093,-0.2643274401820349,0.0,0.0,-0.3134948565320834,0.0,0.0,0,-0.5197885340021011,0.0,-0.2790755001355615,-0.3478863853118359,0,0.0,-0.4226003316780968,0.0,0.0,0,-0.3229771362210816,0.0,-0.1714985851425088,-0.1714985851425088,0,0.0,-0.2871255715318263,6.07
5.84,0.0,0.9485142689026144,0,-1.1422872209055512,-0.6495304003954522,-0.4612223312901093,-0.2643274401820349,0.0,0.0,-0.3134948565320834,0.0,0.0,0,-0.5197885340021011,0.0,-0.2790755001355615,-0.3478863853118359,0,0.0,-0.4226003316780968,0.0,0.0,0,-0.3229771362210816,0.0,-0.1714985851425088,-0.1714985851425088,0,0.0,-0.2871255715318263,6.07
6.13,0.0,0.9485142689026144,0,-1.1422872209055512,-0.6495304003954522,-0.4612223312901093,-0.2643274401820349,0.0,0.0,-0.3134948565320834,0.0,0.0,0,-0.5197885340021011,0.0,-0.2790755001355615,-0.3478863853118359,0,0.0,-0.4226003316780968,0.0,0.0,0,-0.3229771362210816,0.0,-0.1714985851425088,-0.1714985851425088,0,0.0,-0.2871255715318263,6.07
5.94,-0.261618201186067,0.191968225948806,0,-1.1422872209055512,-0.6495304003954522,-0.4612223312901093,-0.2643274401820349,0.0,0.0,-0.3134948565320834,0.0,0.0,0,-0.5197885340021011,0.0,-0.2790755001355615,-0.3478863853118359,0,0.0,-0.4226003316780968,0.0,0.0,0,-0.3229771362210816,0.0,-0.1714985851425088,-0.1714985851425088,0,0.0,-0.2871255715318263,6.44
6.24,-0.261618201186067,0.191968225948806,0,-1.1422872209055512,-0.6495304003954522,-0.4612223312901093,-0.2643274401820349,0.0,0.0,-0.3134948565320834,0.0,0.0,0,-0.5197885340021011,0.0,-0.2790755001355615,-0.3478863853118359,0,0.0,-0.4226003316780968,0.0,0.0,0,-0.3229771362210816,0.0,-0.1714985851425088,-0.1714985851425088,0,0.0,-0.2871255715318263,6.44
6.11,-0.261618201186067,0.191968225948806,0,-1.1422872209055512,-0.6495304003954522,-0.4612223312901093,-0.2643274401820349,0.0,0.0,-0.3134948565320834,0.0,0.0,0,-0.5197885340021011,0.0,-0.2790755001355615,-0.3478863853118359,0,0.0,-0.4226003316780968,0.0,0.0,0,-0.3229771362210816,0.0,-0.1714985851425088,-0.1714985851425088,0,0.0,-0.2871255715318263,6.44
6.04,-0.261618201186067,0.191968225948806,0,-1.1422872209055512,-0.6495304003954522,-0.4612223312901093,-0.2643274401820349,0.0,0.0,-0.3134948565320834,0.0,0.0,0,-0.5197885340021011,0.0,-0.2790755001355615,-0.3478863853118359,0,0.0,-0.4226003316780968,0.0,0.0,0,-0.3229771362210816,0.0,-0.1714985851425088,-0.1714985851425088,0,0.0,-0.2871255715318263,6.44
6.59,-0.261618201186067,0.191968225948806,0,-1.1422872209055512,-0.6495304003954522,-0.4612223312901093,-0.2643274401820349,0.0,0.0,-0.3134948565320834,0.0,0.0,0,-0.5197885340021011,0.0,-0.2790755001355615,-0.3478863853118359,0,0.0,-0.4226003316780968,0.0,0.0,0,-0.3229771362210816,0.0,-0.1714985851425088,-0.1714985851425088,0,0.0,-0.2871255715318263,6.44
6.27,0.6939440672846097,-0.8901147396293018,0,1.4370710198489194,1.038062283737024,0.4233136465265388,-0.2643274401820349,0.0,4.727272727272729,0.5642907417577488,0.0,0.0,0,-0.5197885340021011,0.0,-0.2790755001355615,-0.3478863853118359,0,0.0,-0.4226003316780968,0.0,0.0,0,-0.3229771362210816,0.0,-0.1714985851425088,-0.1714985851425088,0,0.0,-0.2871255715318263,5.96
6.14,0.6939440672846097,-0.8901147396293018,0,1.4370710198489194,1.038062283737024,0.4233136465265388,-0.2643274401820349,0.0,4.727272727272729,0.5642907417577488,0.0,0.0,0,-0.5197885340021011,0.0,-0.2790755001355615,-0.3478863853118359,0,0.0,-0.4226003316780968,0.0,0.0,0,-0.3229771362210816,0.0,-0.1714985851425088,-0.1714985851425088,0,0.0,-0.2871255715318263,5.96
6.51,0.6939440672846097,-0.8901147396293018,0,1.4370710198489194,1.038062283737024,0.4233136465265388,-0.2643274401820349,0.0,4.727272727272729,0.5642907417577488,0.0,0.0,0,-0.5197885340021011,0.0,-0.2790755001355615,-0.3478863853118359,0,0.0,-0.4226003316780968,0.0,0.0,0,-0.3229771362210816,0.0,-0.1714985851425088,-0.1714985851425088,0,0.0,-0.2871255715318263,5.96
5.85,0.6939440672846097,-0.8901147396293018,0,1.4370710198489194,1.038062283737024,0.4233136465265388,-0.2643274401820349,0.0,4.727272727272729,0.5642907417577488,0.0,0.0,0,-0.5197885340021011,0.0,-0.2790755001355615,-0.3478863853118359,0,0.0,-0.4226003316780968,0.0,0.0,0,-0.3229771362210816,0.0,-0.1714985851425088,-0.1714985851425088,0,0.0,-0.2871255715318263,5.96
5.86,0.6939440672846097,-0.8901147396293018,0,1.4370710198489194,1.038062283737024,0.4233136465265388,-0.2643274401820349,0.0,4.727272727272729,0.5642907417577488,0.0,0.0,0,-0.5197885340021011,0.0,-0.2790755001355615,-0.3478863853118359,0,0.0,-0.4226003316780968,0.0,0.0,0,-0.3229771362210816,0.0,-0.1714985851425088,-0.1714985851425088,0,0.0,-0.2871255715318263,5.96
5.31,2.6851360160262097,3.889379229185046,1,2.7267501402261547,0.7889273356401386,4.84599353560978,-0.2643274401820349,1.0,25.10344827586211,2.9050523371973016,0.0,0.0,0,-0.5197885340021011,0.0,-0.2790755001355615,-0.3478863853118359,0,0.0,-0.4226003316780968,0.0,0.0,0,-0.3229771362210816,0.0,-0.1714985851425088,-0.1714985851425088,0,0.0,-0.2871255715318263,5.4
5.49,2.6851360160262097,3.889379229185046,1,2.7267501402261547,0.7889273356401386,4.84599353560978,-0.2643274401820349,1.0,25.10344827586211,2.9050523371973016,0.0,0.0,0,-0.5197885340021011,0.0,-0.2790755001355615,-0.3478863853118359,0,0.0,-0.4226003316780968,0.0,0.0,0,-0.3229771362210816,0.0,-0.1714985851425088,-0.1714985851425088,0,0.0,-0.2871255715318263,5.4
5.91,0.9610951237737896,0.6759340982641937,1,0.147391899471684,0.3504695996045478,-0.4612223312901093,-0.2643274401820349,0.0,0.0,-0.0208996571021393,0.0,0.0,0,-0.5197885340021011,0.0,-0.2790755001355615,-0.3478863853118359,0,0.0,-0.4226003316780968,0.0,0.0,0,-0.3229771362210816,0.0,-0.1714985851425088,-0.1714985851425088,0,0.0,-0.2871255715318263,6.1
6.02,0.9610951237737896,0.6759340982641937,1,0.147391899471684,0.3504695996045478,-0.4612223312901093,-0.2643274401820349,0.0,0.0,-0.0208996571021393,0.0,0.0,0,-0.5197885340021011,0.0,-0.2790755001355615,-0.3478863853118359,0,0.0,-0.4226003316780968,0.0,0.0,0,-0.3229771362210816,0.0,-0.1714985851425088,-0.1714985851425088,0,0.0,-0.2871255715318263,6.1
5.92,0.9610951237737896,0.6759340982641937,1,0.147391899471684,0.3504695996045478,-0.4612223312901093,-0.2643274401820349,0.0,0.0,-0.0208996571021393,0.0,0.0,0,-0.5197885340021011,0.0,-0.2790755001355615,-0.3478863853118359,0,0.0,-0.4226003316780968,0.0,0.0,0,-0.3229771362210816,0.0,-0.1714985851425088,-0.1714985851425088,0,0.0,-0.2871255715318263,6.1
5.96,0.9610951237737896,0.6759340982641937,1,0.147391899471684,0.3504695996045478,-0.4612223312901093,-0.2643274401820349,0.0,0.0,-0.0208996571021393,0.0,0.0,0,-0.5197885340021011,0.0,-0.2790755001355615,-0.3478863853118359,0,0.0,-0.4226003316780968,0.0,0.0,0,-0.3229771362210816,0.0,-0.1714985851425088,-0.1714985851425088,0,0.0,-0.2871255715318263,6.1
6.0,0.9610951237737896,0.6759340982641937,1,0.147391899471684,0.3504695996045478,-0.4612223312901093,-0.2643274401820349,0.0,0.0,-0.0208996571021393,0.0,0.0,0,-0.5197885340021011,0.0,-0.2790755001355615,-0.3478863853118359,0,0.0,-0.4226003316780968,0.0,0.0,0,-0.3229771362210816,0.0,-0.1714985851425088,-0.1714985851425088,0,0.0,-0.2871255715318263,6.1
6.08,0.9610951237737896,0.6759340982641937,1,0.147391899471684,0.3504695996045478,-0.4612223312901093,-0.2643274401820349,0.0,0.0,-0.0208996571021393,0.0,0.0,0,-0.5197885340021011,0.0,-0.2790755001355615,-0.3478863853118359,0,0.0,-0.4226003316780968,0.0,0.0,0,-0.3229771362210816,0.0,-0.1714985851425088,-0.1714985851425088,0,0.0,-0.2871255715318263,6.1
6.0,0.9610951237737896,0.6759340982641937,1,0.147391899471684,0.3504695996045478,-0.4612223312901093,-0.2643274401820349,0.0,0.0,-0.0208996571021393,0.0,0.0,0,-0.5197885340021011,0.0,-0.2790755001355615,-0.3478863853118359,0,0.0,-0.4226003316780968,0.0,0.0,0,-0.3229771362210816,0.0,-0.1714985851425088,-0.1714985851425088,0,0.0,-0.2871255715318263,6.1
5.86,0.9610951237737896,0.6759340982641937,1,0.147391899471684,0.3504695996045478,-0.4612223312901093,-0.2643274401820349,0.0,0.0,-0.0208996571021393,0.0,0.0,0,-0.5197885340021011,0.0,-0.2790755001355615,-0.3478863853118359,0,0.0,-0.4226003316780968,0.0,0.0,0,-0.3229771362210816,0.0,-0.1714985851425088,-0.1714985851425088,0,0.0,-0.2871255715318263,6.1
6.03,0.9610951237737896,0.6759340982641937,1,0.147391899471684,0.3504695996045478,-0.4612223312901093,-0.2643274401820349,0.0,0.0,-0.0208996571021393,0.0,0.0,0,-0.5197885340021011,0.0,-0.2790755001355615,-0.3478863853118359,0,0.0,-0.4226003316780968,0.0,0.0,0,-0.3229771362210816,0.0,-0.1714985851425088,-0.1714985851425088,0,0.0,-0.2871255715318263,6.1
5.93,0.9610951237737896,0.6759340982641937,1,0.147391899471684,0.3504695996045478,-0.4612223312901093,-0.2643274401820349,0.0,0.0,-0.0208996571021393,0.0,0.0,0,-0.5197885340021011,0.0,-0.2790755001355615,-0.3478863853118359,0,0.0,-0.4226003316780968,0.0,0.0,0,-0.3229771362210816,0.0,-0.1714985851425088,-0.1714985851425088,0,0.0,-0.2871255715318263,6.1
5.94,0.9610951237737896,0.6759340982641937,1,0.147391899471684,0.3504695996045478,-0.4612223312901093,-0.2643274401820349,0.0,0.0,-0.0208996571021393,0.0,0.0,0,-0.5197885340021011,0.0,-0.2790755001355615,-0.3478863853118359,0,0.0,-0.4226003316780968,0.0,0.0,0,-0.3229771362210816,0.0,-0.1714985851425088,-0.1714985851425088,0,0.0,-0.2871255715318263,6.1
6.0,0.9610951237737896,0.6759340982641937,1,0.147391899471684,0.3504695996045478,-0.4612223312901093,-0.2643274401820349,0.0,0.0,-0.0208996571021393,0.0,0.0,0,-0.5197885340021011,0.0,-0.2790755001355615,-0.3478863853118359,0,0.0,-0.4226003316780968,0.0,0.0,0,-0.3229771362210816,0.0,-0.1714985851425088,-0.1714985851425088,0,0.0,-0.2871255715318263,6.1
6.13,0.9610951237737896,0.6759340982641937,1,0.147391899471684,0.3504695996045478,-0.4612223312901093,-0.2643274401820349,0.0,0.0,-0.0208996571021393,0.0,0.0,0,-0.5197885340021011,0.0,-0.2790755001355615,-0.3478863853118359,0,0.0,-0.4226003316780968,0.0,0.0,0,-0.3229771362210816,0.0,-0.1714985851425088,-0.1714985851425088,0,0.0,-0.2871255715318263,6.1
6.08,0.9610951237737896,0.6759340982641937,1,0.147391899471684,0.3504695996045478,-0.4612223312901093,-0.2643274401820349,0.0,0.0,-0.0208996571021393,0.0,0.0,0,-0.5197885340021011,0.0,-0.2790755001355615,-0.3478863853118359,0,0.0,-0.4226003316780968,0.0,0.0,0,-0.3229771362210816,0.0,-0.1714985851425088,-0.1714985851425088,0,0.0,-0.2871255715318263,6.1
5.41,0.2543682528578476,0.5154457193292123,1,0.147391899471684,0.3504695996045478,-0.4612223312901093,-0.2643274401820349,0.0,0.0,-0.0208996571021393,1.7402419449555646,0.1561,0,-0.5197885340021011,0.0,-0.2790755001355615,-0.3478863853118359,0,0.0,-0.4226003316780968,44.45099999999999,0.1561,0,-0.3229771362210816,0.0,-0.1714985851425088,-0.1714985851425088,0,0.0,-0.2871255715318263,5.46
5.33,0.2543682528578476,0.5154457193292123,1,0.147391899471684,0.3504695996045478,-0.4612223312901093,-0.2643274401820349,0.0,0.0,-0.0208996571021393,1.7402419449555646,0.1561,0,-0.5197885340021011,0.0,-0.2790755001355615,-0.3478863853118359,0,0.0,-0.4226003316780968,44.45099999999999,0.1561,0,-0.3229771362210816,0.0,-0.1714985851425088,-0.1714985851425088,0,0.0,-0.2871255715318263,5.46
5.28,0.2543682528578476,0.5154457193292123,1,0.147391899471684,0.3504695996045478,-0.4612223312901093,-0.2643274401820349,0.0,0.0,-0.0208996571021393,1.7402419449555646,0.1561,0,-0.5197885340021011,0.0,-0.2790755001355615,-0.3478863853118359,0,0.0,-0.4226003316780968,44.45099999999999,0.1561,0,-0.3229771362210816,0.0,-0.1714985851425088,-0.1714985851425088,0,0.0,-0.2871255715318263,5.46
5.6,0.2543682528578476,0.5154457193292123,1,0.147391899471684,0.3504695996045478,-0.4612223312901093,-0.2643274401820349,0.0,0.0,-0.0208996571021393,1.7402419449555646,0.1561,0,-0.5197885340021011,0.0,-0.2790755001355615,-0.3478863853118359,0,0.0,-0.4226003316780968,44.45099999999999,0.1561,0,-0.3229771362210816,0.0,-0.1714985851425088,-0.1714985851425088,0,0.0,-0.2871255715318263,5.46
5.72,0.2543682528578476,0.5154457193292123,1,0.147391899471684,0.3504695996045478,-0.4612223312901093,-0.2643274401820349,0.0,0.0,-0.0208996571021393,1.7402419449555646,0.1561,0,-0.5197885340021011,0.0,-0.2790755001355615,-0.3478863853118359,0,0.0,-0.4226003316780968,44.45099999999999,0.1561,0,-0.3229771362210816,0.0,-0.1714985851425088,-0.1714985851425088,0,0.0,-0.2871255715318263,5.46
5.66,0.2543682528578476,0.5154457193292123,1,0.147391899471684,0.3504695996045478,-0.4612223312901093,-0.2643274401820349,0.0,0.0,-0.0208996571021393,1.7402419449555646,0.1561,0,-0.5197885340021011,0.0,-0.2790755001355615,-0.3478863853118359,0,0.0,-0.4226003316780968,44.45099999999999,0.1561,0,-0.3229771362210816,0.0,-0.1714985851425088,-0.1714985851425088,0,0.0,-0.2871255715318263,5.46
5.48,0.2543682528578476,0.5154457193292123,1,0.147391899471684,0.3504695996045478,-0.4612223312901093,-0.2643274401820349,0.0,0.0,-0.0208996571021393,1.7402419449555646,0.1561,0,-0.5197885340021011,0.0,-0.2790755001355615,-0.3478863853118359,0,0.0,-0.4226003316780968,44.45099999999999,0.1561,0,-0.3229771362210816,0.0,-0.1714985851425088,-0.1714985851425088,0,0.0,-0.2871255715318263,5.46
5.52,0.2543682528578476,0.5154457193292123,1,0.147391899471684,0.3504695996045478,-0.4612223312901093,-0.2643274401820349,0.0,0.0,-0.0208996571021393,1.7402419449555646,0.1561,0,-0.5197885340021011,0.0,-0.2790755001355615,-0.3478863853118359,0,0.0,-0.4226003316780968,44.45099999999999,0.1561,0,-0.3229771362210816,0.0,-0.1714985851425088,-0.1714985851425088,0,0.0,-0.2871255715318263,5.46
5.57,0.2543682528578476,0.5154457193292123,1,0.147391899471684,0.3504695996045478,-0.4612223312901093,-0.2643274401820349,0.0,0.0,-0.0208996571021393,1.7402419449555646,0.1561,0,-0.5197885340021011,0.0,-0.2790755001355615,-0.3478863853118359,0,0.0,-0.4226003316780968,44.45099999999999,0.1561,0,-0.3229771362210816,0.0,-0.1714985851425088,-0.1714985851425088,0,0.0,-0.2871255715318263,5.46
4.76,-0.7072515382291696,-0.6113562812591941,0,0.147391899471684,0.0,-0.4612223312901093,-0.2643274401820349,0.0,0.0,-0.8986852553919716,0.0,0.0,0,-0.5197885340021011,0.0,-0.2790755001355615,-0.3478863853118359,0,0.0,-0.4226003316780968,0.0,0.0,0,-0.3229771362210816,0.0,-0.1714985851425088,-0.1714985851425088,0,0.0,-0.2871255715318263,5.2
5.54,-0.7072515382291696,-0.6113562812591941,0,0.147391899471684,0.0,-0.4612223312901093,-0.2643274401820349,0.0,0.0,-0.8986852553919716,0.0,0.0,0,-0.5197885340021011,0.0,-0.2790755001355615,-0.3478863853118359,0,0.0,-0.4226003316780968,0.0,0.0,0,-0.3229771362210816,0.0,-0.1714985851425088,-0.1714985851425088,0,0.0,-0.2871255715318263,5.2
4.69,-0.7072515382291696,-0.6113562812591941,0,0.147391899471684,0.0,-0.4612223312901093,-0.2643274401820349,0.0,0.0,-0.8986852553919716,0.0,0.0,0,-0.5197885340021011,0.0,-0.2790755001355615,-0.3478863853118359,0,0.0,-0.4226003316780968,0.0,0.0,0,-0.3229771362210816,0.0,-0.1714985851425088,-0.1714985851425088,0,0.0,-0.2871255715318263,5.2
4.37,-0.7072515382291696,-0.6113562812591941,0,0.147391899471684,0.0,-0.4612223312901093,-0.2643274401820349,0.0,0.0,-0.8986852553919716,0.0,0.0,0,-0.5197885340021011,0.0,-0.2790755001355615,-0.3478863853118359,0,0.0,-0.4226003316780968,0.0,0.0,0,-0.3229771362210816,0.0,-0.1714985851425088,-0.1714985851425088,0,0.0,-0.2871255715318263,5.2
5.68,-0.4517862537163948,0.077817005001471,0,0.147391899471684,-0.6495304003954522,-0.4612223312901093,-0.2643274401820349,0.0,0.0,-0.8986852553919716,0.0,0.0,0,-0.5197885340021011,0.0,-0.2790755001355615,-0.3478863853118359,0,0.0,-0.4226003316780968,0.0,0.0,0,-0.3229771362210816,0.0,-0.1714985851425088,-0.1714985851425088,0,0.0,-0.2871255715318263,5.42
5.38,-0.4517862537163948,0.077817005001471,0,0.147391899471684,-0.6495304003954522,-0.4612223312901093,-0.2643274401820349,0.0,0.0,-0.8986852553919716,0.0,0.0,0,-0.5197885340021011,0.0,-0.2790755001355615,-0.3478863853118359,0,0.0,-0.4226003316780968,0.0,0.0,0,-0.3229771362210816,0.0,-0.1714985851425088,-0.1714985851425088,0,0.0,-0.2871255715318263,5.42
6.43,0.2639712545908394,0.7937628714327721,0,0.147391899471684,-0.0123578843302026,-0.4612223312901093,2.048537661410779,0.0,0.0,0.5642907417577488,0.0,0.0,0,-0.5197885340021011,0.0,-0.2790755001355615,-0.3478863853118359,0,0.0,-0.4226003316780968,0.0,0.0,0,-0.3229771362210816,0.0,-0.1714985851425088,-0.1714985851425088,0,0.0,-0.2871255715318263,5.58
6.68,0.2639712545908394,0.7937628714327721,0,0.147391899471684,-0.0123578843302026,-0.4612223312901093,2.048537661410779,0.0,0.0,0.5642907417577488,0.0,0.0,0,-0.5197885340021011,0.0,-0.2790755001355615,-0.3478863853118359,0,0.0,-0.4226003316780968,0.0,0.0,0,-0.3229771362210816,0.0,-0.1714985851425088,-0.1714985851425088,0,0.0,-0.2871255715318263,5.58
4.5,0.2639712545908394,0.7937628714327721,0,0.147391899471684,-0.0123578843302026,-0.4612223312901093,2.048537661410779,0.0,0.0,0.5642907417577488,0.0,0.0,0,-0.5197885340021011,0.0,-0.2790755001355615,-0.3478863853118359,0,0.0,-0.4226003316780968,0.0,0.0,0,-0.3229771362210816,0.0,-0.1714985851425088,-0.1714985851425088,0,0.0,-0.2871255715318263,5.58
4.73,0.2639712545908394,0.7937628714327721,0,0.147391899471684,-0.0123578843302026,-0.4612223312901093,2.048537661410779,0.0,0.0,0.5642907417577488,0.0,0.0,0,-0.5197885340021011,0.0,-0.2790755001355615,-0.3478863853118359,0,0.0,-0.4226003316780968,0.0,0.0,0,-0.3229771362210816,0.0,-0.1714985851425088,-0.1714985851425088,0,0.0,-0.2871255715318263,5.58
5.35,2.2690112405997147,1.551191526919679,1,2.7267501402261547,2.788927335640138,2.192385602159835,2.048537661410779,0.0,0.0,3.1976475366272457,0.0,0.0,0,-0.5197885340021011,0.0,-0.2790755001355615,-0.3478863853118359,0,0.0,-0.4226003316780968,0.0,0.0,0,-0.3229771362210816,0.0,-0.1714985851425088,-0.1714985851425088,0,0.0,-0.2871255715318263,5.18
5.22,2.2690112405997147,1.551191526919679,1,2.7267501402261547,2.788927335640138,2.192385602159835,2.048537661410779,0.0,0.0,3.1976475366272457,0.0,0.0,0,-0.5197885340021011,0.0,-0.2790755001355615,-0.3478863853118359,0,0.0,-0.4226003316780968,0.0,0.0,0,-0.3229771362210816,0.0,-0.1714985851425088,-0.1714985851425088,0,0.0,-0.2871255715318263,5.18
5.12,2.2690112405997147,1.551191526919679,1,2.7267501402261547,2.788927335640138,2.192385602159835,2.048537661410779,0.0,0.0,3.1976475366272457,0.0,0.0,0,-0.5197885340021011,0.0,-0.2790755001355615,-0.3478863853118359,0,0.0,-0.4226003316780968,0.0,0.0,0,-0.3229771362210816,0.0,-0.1714985851425088,-0.1714985851425088,0,0.0,-0.2871255715318263,5.18
5.52,2.014642987741868,1.9842600764930824,1,1.4370710198489194,1.7889273356401378,2.192385602159835,2.048537661410779,0.0,0.0,2.9050523371973016,0.0,0.0,0,-0.5197885340021011,0.0,-0.2790755001355615,-0.3478863853118359,0,0.0,-0.4226003316780968,0.0,0.0,0,-0.3229771362210816,0.0,-0.1714985851425088,-0.1714985851425088,0,0.0,-0.2871255715318263,5.4
5.12,2.014642987741868,1.9842600764930824,1,1.4370710198489194,1.7889273356401378,2.192385602159835,2.048537661410779,0.0,0.0,2.9050523371973016,0.0,0.0,0,-0.5197885340021011,0.0,-0.2790755001355615,-0.3478863853118359,0,0.0,-0.4226003316780968,0.0,0.0,0,-0.3229771362210816,0.0,-0.1714985851425088,-0.1714985851425088,0,0.0,-0.2871255715318263,5.4
5.12,2.014642987741868,1.9842600764930824,1,1.4370710198489194,1.7889273356401378,2.192385602159835,2.048537661410779,0.0,0.0,2.9050523371973016,0.0,0.0,0,-0.5197885340021011,0.0,-0.2790755001355615,-0.3478863853118359,0,0.0,-0.4226003316780968,0.0,0.0,0,-0.3229771362210816,0.0,-0.1714985851425088,-0.1714985851425088,0,0.0,-0.2871255715318263,5.4
